<?xml version="1.0" encoding="UTF-8"?>
<persistence xmlns="http://xmlns.jcp.org/xml/ns/persistence"
	xmlns:xsi="http://www.w3.org/2001/XMLSchema-instance"
	xsi:schemaLocation="http://xmlns.jcp.org/xml/ns/persistence
          http://xmlns.jcp.org/xml/ns/persistence/persistence_2_1.xsd"
	version="2.1">

	<persistence-unit name="SalesDB">
		<properties>
			<property name="javax.persistence.jdbc.url" value="jdbc:oracle:thin:@localhost:1521:xe"/>
<property name="javax.persistence.jdbc.user" value="System" />
<property name="javax.persistence.jdbc.password" value="India123" />
<property name="javax.persistence.jdbc.driver" value="oracle.jdbc.driver.OracleDriver" />
			<!-- <property name="eclipselink.ddl-generation" value="create-tables" 
				/> -->
			<property name="hibernate.show_sql" value="true" />
			<property name="hibernate.dialect" value="org.hibernate.dialect.Oracle10gDialect" />
			<property name="hibernate.format_sql" value="true" />
			<property name="javax.per" value="" />
		</properties>
	</persistence-unit>

</persistence>